<metadata xml:lang="nl"><Esri><CreaDate>20230228</CreaDate><CreaTime>16474100</CreaTime><ArcGISFormat>1.0</ArcGISFormat><SyncOnce>FALSE</SyncOnce><DataProperties><itemProps><itemName Sync="TRUE">Stuwen_Romboutswervepolder_voorstel_20231017</itemName><imsContentType Sync="TRUE">002</imsContentType><itemLocation><linkage Sync="TRUE">file://\\PC2140153\C$\Users\TNBM\Documents\WLS Romboutswervepolder\2_GIS en kaartmateriaal\Stuwen_Romboutswervepolder_voorstel_20231017.shp</linkage><protocol Sync="TRUE">Local Area Network</protocol></itemLocation><itemSize Sync="TRUE">0.000</itemSize></itemProps><coordRef><type Sync="TRUE">Projected</type><geogcsn Sync="TRUE">GCS_Belge_1972</geogcsn><csUnits Sync="TRUE">Linear Unit: Meter (1.000000)</csUnits><projcsn Sync="TRUE">Belge_Lambert_1972</projcsn><peXml Sync="TRUE">&lt;ProjectedCoordinateSystem xsi:type='typens:ProjectedCoordinateSystem' xmlns:xsi='http://www.w3.org/2001/XMLSchema-instance' xmlns:xs='http://www.w3.org/2001/XMLSchema' xmlns:typens='http://www.esri.com/schemas/ArcGIS/2.9.0'&gt;&lt;WKT&gt;PROJCS[&amp;quot;Belge_Lambert_1972&amp;quot;,GEOGCS[&amp;quot;GCS_Belge_1972&amp;quot;,DATUM[&amp;quot;D_Belge_1972&amp;quot;,SPHEROID[&amp;quot;International_1924&amp;quot;,6378388.0,297.0]],PRIMEM[&amp;quot;Greenwich&amp;quot;,0.0],UNIT[&amp;quot;Degree&amp;quot;,0.0174532925199433]],PROJECTION[&amp;quot;Lambert_Conformal_Conic&amp;quot;],PARAMETER[&amp;quot;False_Easting&amp;quot;,150000.013],PARAMETER[&amp;quot;False_Northing&amp;quot;,5400088.438],PARAMETER[&amp;quot;Central_Meridian&amp;quot;,4.367486666666666],PARAMETER[&amp;quot;Standard_Parallel_1&amp;quot;,49.8333339],PARAMETER[&amp;quot;Standard_Parallel_2&amp;quot;,51.16666723333333],PARAMETER[&amp;quot;Latitude_Of_Origin&amp;quot;,90.0],UNIT[&amp;quot;Meter&amp;quot;,1.0],AUTHORITY[&amp;quot;EPSG&amp;quot;,31370]]&lt;/WKT&gt;&lt;XOrigin&gt;-35872700&lt;/XOrigin&gt;&lt;YOrigin&gt;-30622700&lt;/YOrigin&gt;&lt;XYScale&gt;125021156.86415774&lt;/XYScale&gt;&lt;ZOrigin&gt;-100000&lt;/ZOrigin&gt;&lt;ZScale&gt;10000&lt;/ZScale&gt;&lt;MOrigin&gt;-100000&lt;/MOrigin&gt;&lt;MScale&gt;10000&lt;/MScale&gt;&lt;XYTolerance&gt;0.001&lt;/XYTolerance&gt;&lt;ZTolerance&gt;0.001&lt;/ZTolerance&gt;&lt;MTolerance&gt;0.001&lt;/MTolerance&gt;&lt;HighPrecision&gt;true&lt;/HighPrecision&gt;&lt;WKID&gt;31370&lt;/WKID&gt;&lt;LatestWKID&gt;31370&lt;/LatestWKID&gt;&lt;/ProjectedCoordinateSystem&gt;</peXml></coordRef><lineage><Process ToolSource="c:\program files\arcgis\pro\Resources\ArcToolbox\toolboxes\Conversion Tools.tbx\FeatureClassToFeatureClass" Date="20230228" Time="164741">FeatureClassToFeatureClass SD_Waterlandschap_acties_puntinfrastructuur "C:\Users\TNBM\Documents\WLS RWP\WLS RWP\Default.gdb" Stuwen # "id "id" true true false 10 Long 0 10,First,#,SD_Waterlandschap_acties_puntinfrastructuur,id,-1,-1;infrastruc "infrastruc" true true false 80 Text 0 0,First,#,SD_Waterlandschap_acties_puntinfrastructuur,infrastruc,0,80;opm "opm" true true false 80 Text 0 0,First,#,SD_Waterlandschap_acties_puntinfrastructuur,opm,0,80;extra "extra" true true false 80 Text 0 0,First,#,SD_Waterlandschap_acties_puntinfrastructuur,extra,0,80;kostprijs "kostprijs" true true false 80 Text 0 0,First,#,SD_Waterlandschap_acties_puntinfrastructuur,kostprijs,0,80" #</Process><Process ToolSource="c:\program files\arcgis\pro\Resources\ArcToolbox\Toolboxes\Data Management Tools.tbx\UpdateSchema" Date="20230417" Time="104708">UpdateSchema "CIMDATA=&lt;CIMStandardDataConnection xsi:type='typens:CIMStandardDataConnection' xmlns:xsi='http://www.w3.org/2001/XMLSchema-instance' xmlns:xs='http://www.w3.org/2001/XMLSchema' xmlns:typens='http://www.esri.com/schemas/ArcGIS/2.9.0'&gt;&lt;WorkspaceConnectionString&gt;DATABASE=C:\Users\TNBM\Documents\WLS Romboutswervepolder\2_GIS en kaartmateriaal\WLS RWP\Default.gdb&lt;/WorkspaceConnectionString&gt;&lt;WorkspaceFactory&gt;FileGDB&lt;/WorkspaceFactory&gt;&lt;Dataset&gt;Stuwen&lt;/Dataset&gt;&lt;DatasetType&gt;esriDTFeatureClass&lt;/DatasetType&gt;&lt;/CIMStandardDataConnection&gt;" &lt;operationSequence&gt;&lt;workflow&gt;&lt;AddField&gt;&lt;field_name&gt;Type&lt;/field_name&gt;&lt;field_type&gt;TEXT&lt;/field_type&gt;&lt;field_length&gt;255&lt;/field_length&gt;&lt;field_alias&gt;Type&lt;/field_alias&gt;&lt;field_is_nullable&gt;True&lt;/field_is_nullable&gt;&lt;field_is_required&gt;False&lt;/field_is_required&gt;&lt;/AddField&gt;&lt;/workflow&gt;&lt;/operationSequence&gt;</Process><Process ToolSource="c:\program files\arcgis\pro\Resources\ArcToolbox\toolboxes\Conversion Tools.tbx\FeatureClassToFeatureClass" Date="20231017" Time="142635">FeatureClassToFeatureClass Maatregelen\Stuwen "C:\Users\TNBM\Documents\WLS Van Beek tot Bodem\2_GIS en kaarten" Stuwen_Romboutswervepolder_voorstel_20231017.shp # "id "id" true true false 4 Long 0 0,First,#,Maatregelen\Stuwen,id,-1,-1;infrastruc "infrastruc" true true false 80 Text 0 0,First,#,Maatregelen\Stuwen,infrastruc,0,80;opm "opm" true true false 80 Text 0 0,First,#,Maatregelen\Stuwen,opm,0,80;extra "extra" true true false 80 Text 0 0,First,#,Maatregelen\Stuwen,extra,0,80;kostprijs "kostprijs" true true false 80 Text 0 0,First,#,Maatregelen\Stuwen,kostprijs,0,80;Type "Type" true true false 255 Text 0 0,First,#,Maatregelen\Stuwen,Type,0,255" #</Process><Process ToolSource="c:\program files\arcgis\pro\Resources\ArcToolbox\toolboxes\Data Management Tools.tbx\CopyFeatures" Date="20231017" Time="152036">CopyFeatures Stuwen_Romboutswervepolder_voorstel_20231017 "C:\Users\TNBM\Documents\WLS Romboutswervepolder\2_GIS en kaartmateriaal\Stuwen_Romboutswervepolder_voorstel_20231017.shp" # # # #</Process></lineage></DataProperties><SyncDate>20231017</SyncDate><SyncTime>15203600</SyncTime><ModDate>20231017</ModDate><ModTime>15203600</ModTime></Esri><dataIdInfo><envirDesc Sync="TRUE">Microsoft Windows 10 Version 10.0 (Build 19045) ; Esri ArcGIS 12.9.6.32739</envirDesc><dataLang><languageCode value="nld" Sync="TRUE"></languageCode><countryCode value="BEL" Sync="TRUE"></countryCode></dataLang><idCitation><resTitle Sync="TRUE">Stuwen_Romboutswervepolder_voorstel_20231017</resTitle><presForm><PresFormCd value="005" Sync="TRUE"></PresFormCd></presForm></idCitation><spatRpType><SpatRepTypCd value="001" Sync="TRUE"></SpatRepTypCd></spatRpType></dataIdInfo><mdLang><languageCode value="nld" Sync="TRUE"></languageCode><countryCode value="BEL" Sync="TRUE"></countryCode></mdLang><distInfo><distFormat><formatName Sync="TRUE">Shapefile</formatName></distFormat><distTranOps><transSize Sync="TRUE">0.000</transSize></distTranOps></distInfo><mdHrLv><ScopeCd value="005" Sync="TRUE"></ScopeCd></mdHrLv><mdHrLvName Sync="TRUE">dataset</mdHrLvName><refSysInfo><RefSystem><refSysID><identCode code="31370" Sync="TRUE"></identCode><idCodeSpace Sync="TRUE">EPSG</idCodeSpace><idVersion Sync="TRUE">6.8(9.0.0)</idVersion></refSysID></RefSystem></refSysInfo><spatRepInfo><VectSpatRep><geometObjs Name="Stuwen_Romboutswervepolder_voorstel_20231017"><geoObjTyp><GeoObjTypCd value="004" Sync="TRUE"></GeoObjTypCd></geoObjTyp><geoObjCnt Sync="TRUE">0</geoObjCnt></geometObjs><topLvl><TopoLevCd value="001" Sync="TRUE"></TopoLevCd></topLvl></VectSpatRep></spatRepInfo><spdoinfo><ptvctinf><esriterm Name="Stuwen_Romboutswervepolder_voorstel_20231017"><efeatyp Sync="TRUE">Simple</efeatyp><efeageom code="1" Sync="TRUE"></efeageom><esritopo Sync="TRUE">FALSE</esritopo><efeacnt Sync="TRUE">0</efeacnt><spindex Sync="TRUE">FALSE</spindex><linrefer Sync="TRUE">FALSE</linrefer></esriterm></ptvctinf></spdoinfo><eainfo><detailed Name="Stuwen_Romboutswervepolder_voorstel_20231017"><enttyp><enttypl Sync="TRUE">Stuwen_Romboutswervepolder_voorstel_20231017</enttypl><enttypt Sync="TRUE">Feature Class</enttypt><enttypc Sync="TRUE">0</enttypc></enttyp><attr><attrlabl Sync="TRUE">FID</attrlabl><attalias Sync="TRUE">FID</attalias><attrtype Sync="TRUE">OID</attrtype><attwidth Sync="TRUE">4</attwidth><atprecis Sync="TRUE">0</atprecis><attscale Sync="TRUE">0</attscale><attrdef Sync="TRUE">Internal feature number.</attrdef><attrdefs Sync="TRUE">Esri</attrdefs><attrdomv><udom Sync="TRUE">Sequential unique whole numbers that are automatically generated.</udom></attrdomv></attr><attr><attrlabl Sync="TRUE">Shape</attrlabl><attalias Sync="TRUE">Shape</attalias><attrtype Sync="TRUE">Geometry</attrtype><attwidth Sync="TRUE">0</attwidth><atprecis Sync="TRUE">0</atprecis><attscale Sync="TRUE">0</attscale><attrdef Sync="TRUE">Feature geometry.</attrdef><attrdefs Sync="TRUE">Esri</attrdefs><attrdomv><udom Sync="TRUE">Coordinates defining the features.</udom></attrdomv></attr><attr><attrlabl Sync="TRUE">id</attrlabl><attalias Sync="TRUE">id</attalias><attrtype Sync="TRUE">Integer</attrtype><attwidth Sync="TRUE">10</attwidth><atprecis Sync="TRUE">10</atprecis><attscale Sync="TRUE">0</attscale></attr><attr><attrlabl Sync="TRUE">infrastruc</attrlabl><attalias Sync="TRUE">infrastruc</attalias><attrtype Sync="TRUE">String</attrtype><attwidth Sync="TRUE">80</attwidth><atprecis Sync="TRUE">0</atprecis><attscale Sync="TRUE">0</attscale></attr><attr><attrlabl Sync="TRUE">opm</attrlabl><attalias Sync="TRUE">opm</attalias><attrtype Sync="TRUE">String</attrtype><attwidth Sync="TRUE">80</attwidth><atprecis Sync="TRUE">0</atprecis><attscale Sync="TRUE">0</attscale></attr><attr><attrlabl Sync="TRUE">extra</attrlabl><attalias Sync="TRUE">extra</attalias><attrtype Sync="TRUE">String</attrtype><attwidth Sync="TRUE">80</attwidth><atprecis Sync="TRUE">0</atprecis><attscale Sync="TRUE">0</attscale></attr><attr><attrlabl Sync="TRUE">kostprijs</attrlabl><attalias Sync="TRUE">kostprijs</attalias><attrtype Sync="TRUE">String</attrtype><attwidth Sync="TRUE">80</attwidth><atprecis Sync="TRUE">0</atprecis><attscale Sync="TRUE">0</attscale></attr><attr><attrlabl Sync="TRUE">Type</attrlabl><attalias Sync="TRUE">Type</attalias><attrtype Sync="TRUE">String</attrtype><attwidth Sync="TRUE">254</attwidth><atprecis Sync="TRUE">0</atprecis><attscale Sync="TRUE">0</attscale></attr></detailed></eainfo><mdDateSt Sync="TRUE">20231017</mdDateSt></metadata>
